id,alex-Volume-volume,alex-FirstOrder-mean,alex-FirstOrder-sigma,alex-FirstOrder-sum,alex-FirstOrder-skewness,alex-FirstOrder-kurtosis,alex-FirstOrder-entropy,alex-FirstOrder-5th%,alex-FirstOrder-95th%,alex-FirstOrder-5th%mean,alex-FirstOrder-95th%mean,alex-FirstOrder-min,alex-FirstOrder-max,alex-FirstOrder-median,alex-FirstOrder-void,alex-Cooccur-energy,alex-Cooccur-entropy,alex-Cooccur-inverseDifferenceMoment,alex-Cooccur-inertia,alex-Cooccur-clusterShade,alex-Cooccur-clusterProminence,alex-RLM-ShortRunEmphasis,alex-RLM-LongRunEmphasis,alex-RLM-GreyLevelNonuniformity,alex-RLM-RunLengthNonuniformity,alex-RLM-LowGreyLevelRunEmphasis,alex-RLM-HighGreyLevelRunEmphasis,alex-RLM-ShortRunLowGreyLevelEmphasis,alex-RLM-ShortRunHighGreyLevelEmphasis,alex-RLM-LongRunLowGreyLevelEmphasis,alex-RLM-LongRunHighGreyLevelEmphasis,maya-inner-Volume-volume,maya-inner-FirstOrder-mean,maya-inner-FirstOrder-sigma,maya-inner-FirstOrder-sum,maya-inner-FirstOrder-skewness,maya-inner-FirstOrder-kurtosis,maya-inner-FirstOrder-entropy,maya-inner-FirstOrder-5th%,maya-inner-FirstOrder-95th%,maya-inner-FirstOrder-5th%mean,maya-inner-FirstOrder-95th%mean,maya-inner-FirstOrder-min,maya-inner-FirstOrder-max,maya-inner-FirstOrder-median,maya-inner-FirstOrder-void,maya-inner-Cooccur-energy,maya-inner-Cooccur-entropy,maya-inner-Cooccur-inverseDifferenceMoment,maya-inner-Cooccur-inertia,maya-inner-Cooccur-clusterShade,maya-inner-Cooccur-clusterProminence,maya-inner-RLM-ShortRunEmphasis,maya-inner-RLM-LongRunEmphasis,maya-inner-RLM-GreyLevelNonuniformity,maya-inner-RLM-RunLengthNonuniformity,maya-inner-RLM-LowGreyLevelRunEmphasis,maya-inner-RLM-HighGreyLevelRunEmphasis,maya-inner-RLM-ShortRunLowGreyLevelEmphasis,maya-inner-RLM-ShortRunHighGreyLevelEmphasis,maya-inner-RLM-LongRunLowGreyLevelEmphasis,maya-inner-RLM-LongRunHighGreyLevelEmphasis,maya-outer-Volume-volume,maya-outer-FirstOrder-mean,maya-outer-FirstOrder-sigma,maya-outer-FirstOrder-sum,maya-outer-FirstOrder-skewness,maya-outer-FirstOrder-kurtosis,maya-outer-FirstOrder-entropy,maya-outer-FirstOrder-5th%,maya-outer-FirstOrder-95th%,maya-outer-FirstOrder-5th%mean,maya-outer-FirstOrder-95th%mean,maya-outer-FirstOrder-min,maya-outer-FirstOrder-max,maya-outer-FirstOrder-median,maya-outer-FirstOrder-void,maya-outer-Cooccur-energy,maya-outer-Cooccur-entropy,maya-outer-Cooccur-inverseDifferenceMoment,maya-outer-Cooccur-inertia,maya-outer-Cooccur-clusterShade,maya-outer-Cooccur-clusterProminence,maya-outer-RLM-ShortRunEmphasis,maya-outer-RLM-LongRunEmphasis,maya-outer-RLM-GreyLevelNonuniformity,maya-outer-RLM-RunLengthNonuniformity,maya-outer-RLM-LowGreyLevelRunEmphasis,maya-outer-RLM-HighGreyLevelRunEmphasis,maya-outer-RLM-ShortRunLowGreyLevelEmphasis,maya-outer-RLM-ShortRunHighGreyLevelEmphasis,maya-outer-RLM-LongRunLowGreyLevelEmphasis,maya-outer-RLM-LongRunHighGreyLevelEmphasis,maya-both-Volume-volume,maya-both-FirstOrder-mean,maya-both-FirstOrder-sigma,maya-both-FirstOrder-sum,maya-both-FirstOrder-skewness,maya-both-FirstOrder-kurtosis,maya-both-FirstOrder-entropy,maya-both-FirstOrder-5th%,maya-both-FirstOrder-95th%,maya-both-FirstOrder-5th%mean,maya-both-FirstOrder-95th%mean,maya-both-FirstOrder-min,maya-both-FirstOrder-max,maya-both-FirstOrder-median,maya-both-FirstOrder-void,maya-both-Cooccur-energy,maya-both-Cooccur-entropy,maya-both-Cooccur-inverseDifferenceMoment,maya-both-Cooccur-inertia,maya-both-Cooccur-clusterShade,maya-both-Cooccur-clusterProminence,maya-both-RLM-ShortRunEmphasis,maya-both-RLM-LongRunEmphasis,maya-both-RLM-GreyLevelNonuniformity,maya-both-RLM-RunLengthNonuniformity,maya-both-RLM-LowGreyLevelRunEmphasis,maya-both-RLM-HighGreyLevelRunEmphasis,maya-both-RLM-ShortRunLowGreyLevelEmphasis,maya-both-RLM-ShortRunHighGreyLevelEmphasis,maya-both-RLM-LongRunLowGreyLevelEmphasis,maya-both-RLM-LongRunHighGreyLevelEmphasis
1,2.5702e+06,-6.2912e+02,2.9806e+02,-2.9510e+09,1.1340e+00,3.1088e+00,4.8008e+00,-9.3891e+02,1.9115e+01,-9.9441e+02,1.4734e+02,-1.0240e+03,2.0650e+03,-7.3054e+02,0.0000e+00,7.0472e-04,7.9594e+00,1.2404e-01,2.4560e+02,1.1949e+05,1.5653e+07,9.9963e-01,1.0015e+00,8.7941e+04,4.6861e+06,1.5093e-02,1.7143e+03,1.5088e-02,1.7124e+03,1.5110e-02,1.7225e+03,8.9743e+04,-6.9032e+02,2.3456e+02,-1.1306e+08,1.7570e+00,5.6452e+00,5.6226e+00,-9.0939e+02,-9.5996e+01,-9.8861e+02,6.2773e+01,-1.0240e+03,2.8900e+02,-7.6797e+02,0.0000e+00,2.0139e-04,6.7093e+00,5.9197e-02,1.1213e+03,1.1195e+06,3.1023e+08,4.2251e-01,3.3182e+00,1.8462e+03,1.6308e+05,2.4413e-03,6.3894e+03,1.0234e-03,2.7006e+03,8.2420e-03,2.1177e+04,3.3458e+05,-6.4115e+02,2.8031e+02,-3.9149e+08,1.1992e+00,3.3847e+00,5.5557e+00,-9.2388e+02,-1.4467e+01,-9.9121e+02,1.1664e+02,-1.0240e+03,7.0700e+02,-7.5570e+02,0.0000e+00,2.4074e-04,6.2953e+00,7.0592e-02,7.4512e+02,5.8700e+05,1.2935e+08,7.6787e-01,1.9328e+00,6.9064e+03,6.0754e+05,4.6876e-03,4.9814e+03,3.5826e-03,3.8262e+03,9.1850e-03,9.6191e+03,4.2432e+05,-6.5155e+02,2.7202e+02,-5.0455e+08,1.3018e+00,3.7168e+00,5.4944e+00,-9.2008e+02,-2.3737e+01,-9.9062e+02,1.0988e+02,-1.0240e+03,7.0700e+02,-7.5570e+02,0.0000e+00,2.6023e-04,6.5246e+00,7.1915e-02,7.2385e+02,5.7826e+05,1.2540e+08,7.6784e-01,1.9330e+00,9.2738e+03,7.7043e+05,4.3359e-03,4.7080e+03,3.3132e-03,3.6163e+03,8.5017e-03,9.0903e+03
2,2.5470e+06,-5.9130e+02,2.5167e+02,-2.8110e+09,1.2829e+00,3.5597e+00,5.4805e+00,-8.4595e+02,-1.1587e+01,-9.9260e+02,8.2112e+01,-1.0240e+03,6.0200e+02,-6.7441e+02,0.0000e+00,2.8562e-04,7.4390e+00,8.6132e-02,3.7106e+02,6.0501e+05,1.3056e+08,9.9977e-01,1.0010e+00,5.5857e+04,4.7510e+06,6.4415e-04,6.2794e+03,6.4389e-04,6.2754e+03,6.4516e-04,6.2957e+03,5.0321e+04,-6.5585e+02,2.2267e+02,-6.1599e+07,1.6614e+00,5.0016e+00,5.4665e+00,-8.6346e+02,-8.7209e+01,-9.9355e+02,2.8886e+01,-1.0240e+03,3.2000e+02,-7.3504e+02,0.0000e+00,2.8185e-04,7.2592e+00,7.3192e-02,5.8451e+02,9.1404e+05,2.2403e+08,4.2239e-01,3.3202e+00,1.1878e+03,9.3436e+04,4.8169e-04,6.7895e+03,2.0165e-04,2.8682e+03,1.6061e-03,2.2531e+04,2.4580e+05,-6.4547e+02,1.9931e+02,-2.9613e+08,1.6253e+00,5.3668e+00,5.4798e+00,-8.4747e+02,-1.6927e+02,-9.9270e+02,-1.0446e+01,-1.0240e+03,3.2700e+02,-7.0651e+02,0.0000e+00,2.5227e-04,7.3582e+00,7.3914e-02,4.9381e+02,6.3674e+05,1.5288e+08,9.9801e-01,1.0082e+00,5.5291e+03,4.5636e+05,4.0566e-04,6.6432e+03,4.0303e-04,6.6321e+03,4.1625e-04,6.6886e+03,2.9612e+05,-6.4723e+02,2.0350e+02,-3.5772e+08,1.6323e+00,5.2977e+00,5.4841e+00,-8.5107e+02,-1.5175e+02,-9.9291e+02,-5.8820e+00,-1.0240e+03,3.2700e+02,-7.0651e+02,0.0000e+00,2.5407e-04,7.3248e+00,7.3829e-02,5.0858e+02,6.7978e+05,1.6384e+08,9.9803e-01,1.0081e+00,6.6775e+03,5.4982e+05,4.1760e-04,6.6557e+03,4.1528e-04,6.6446e+03,4.2696e-04,6.7010e+03
3,3.0730e+06,-7.0895e+02,2.2184e+02,-4.0396e+09,1.9355e+00,6.0556e+00,4.5567e+00,-9.0405e+02,-1.3303e+02,-9.8008e+02,1.2113e+01,-1.0240e+03,1.3410e+03,-7.9933e+02,0.0000e+00,1.4220e-03,8.0109e+00,1.9296e-01,1.1897e+02,1.9455e+05,2.9831e+07,9.9965e-01,1.0016e+00,1.3622e+05,5.6928e+06,1.9895e-03,1.7740e+03,1.9893e-03,1.7706e+03,1.9903e-03,1.7897e+03,9.0935e+04,-7.7260e+02,1.4051e+02,-1.3027e+08,2.9715e+00,1.3799e+01,5.0123e+00,-9.0230e+02,-5.0538e+02,-9.7964e+02,-1.3305e+01,-1.0150e+03,8.1000e+01,-8.0128e+02,0.0000e+00,5.6436e-04,8.3676e+00,1.1355e-01,4.4789e+02,6.8894e+05,2.0065e+08,5.3688e-01,2.8657e+00,2.9894e+03,1.6716e+05,5.7811e-04,4.3398e+03,3.0870e-04,2.3320e+03,1.6630e-03,1.2409e+04,3.0627e+05,-7.6950e+02,1.4275e+02,-4.3700e+08,2.0849e+00,8.7394e+00,5.2864e+00,-9.1225e+02,-4.8121e+02,-9.8192e+02,-1.0856e+01,-1.0210e+03,8.6000e+01,-8.0513e+02,0.0000e+00,3.9144e-04,7.9735e+00,1.0622e-01,4.0182e+02,5.0110e+05,1.3339e+08,9.9711e-01,1.0122e+00,7.6805e+03,5.6356e+05,5.7117e-04,4.5310e+03,5.6790e-04,4.5224e+03,5.8470e-04,4.5667e+03,3.9721e+05,-7.7021e+02,1.4224e+02,-5.6727e+08,2.2817e+00,9.8216e+00,5.2411e+00,-9.1060e+02,-4.8431e+02,-9.8145e+02,-1.1145e+01,-1.0210e+03,8.6000e+01,-8.0513e+02,0.0000e+00,4.1397e-04,8.0557e+00,1.0811e-01,4.1088e+02,5.4426e+05,1.4839e+08,9.9704e-01,1.0125e+00,1.0438e+04,7.3077e+05,5.5922e-04,4.5041e+03,5.5632e-04,4.4955e+03,5.7128e-04,4.5401e+03
4,5.0334e+06,-7.9892e+02,2.2935e+02,-5.2289e+09,2.3044e+00,8.2906e+00,4.0799e+00,-1.0019e+03,-2.2223e+02,-1.0205e+03,5.9432e+00,-1.0240e+03,2.2670e+03,-8.7590e+02,0.0000e+00,1.4865e-03,8.2793e+00,1.4006e-01,1.7110e+02,8.4930e+04,1.0671e+07,9.9977e-01,1.0010e+00,2.1010e+05,6.5410e+06,5.6773e-02,6.4275e+02,5.6762e-02,6.4190e+02,5.6901e-02,6.4637e+02,1.5020e+05,-8.5637e+02,1.7398e+02,-1.6725e+08,3.3613e+00,1.6591e+01,4.3073e+00,-1.0053e+03,-5.6516e+02,-1.0214e+03,-2.2621e+01,-1.0240e+03,9.4600e+02,-8.9595e+02,0.0000e+00,8.7107e-04,8.7391e+00,9.7736e-02,4.1882e+02,2.3486e+05,4.8617e+07,4.2211e-01,3.3267e+00,5.2992e+03,1.9383e+05,4.2847e-02,1.0075e+03,1.8031e-02,4.2580e+02,1.4387e-01,3.3413e+03,4.5853e+05,-8.5211e+02,1.5436e+02,-5.0806e+08,2.8350e+00,1.4656e+01,4.8757e+00,-1.0101e+03,-5.8629e+02,-1.0224e+03,-2.4793e+01,-1.0240e+03,4.1400e+02,-8.8739e+02,0.0000e+00,3.8910e-04,8.8512e+00,7.0754e-02,7.2613e+02,3.2443e+05,8.3941e+07,9.9795e-01,1.0090e+00,1.0548e+04,5.9301e+05,4.2802e-02,1.7224e+03,4.2462e-02,1.7208e+03,4.4700e-02,1.7291e+03,6.0873e+05,-8.5316e+02,1.5944e+02,-6.7531e+08,3.0122e+00,1.5461e+01,4.4030e+00,-1.0074e+03,-5.8288e+02,-1.0218e+03,-2.4364e+01,-1.0240e+03,9.4600e+02,-8.9595e+02,0.0000e+00,7.3517e-04,8.8797e+00,9.4966e-02,3.9475e+02,1.5286e+05,2.9886e+07,9.9723e-01,1.0121e+00,1.9469e+04,7.8577e+05,4.8181e-02,9.4466e+02,4.7807e-02,9.4342e+02,5.0276e-02,9.4981e+02
5,2.9093e+06,-7.0573e+02,2.5839e+02,-3.3808e+09,1.5706e+00,4.9866e+00,4.5011e+00,-9.7473e+02,-8.5307e+01,-1.0077e+03,6.0982e+01,-1.0240e+03,2.3510e+03,-7.7088e+02,0.0000e+00,7.7561e-04,8.2297e+00,1.0398e-01,2.2002e+02,7.7372e+04,8.9970e+06,9.9974e-01,1.0011e+00,1.1006e+05,4.7871e+06,2.3823e-02,9.9143e+02,2.3819e-02,9.9049e+02,2.3846e-02,9.9535e+02,9.6555e+04,-7.4668e+02,2.1689e+02,-1.1871e+08,1.9029e+00,6.9949e+00,5.4913e+00,-9.7353e+02,-2.5259e+02,-1.0074e+03,-2.2323e+01,-1.0240e+03,4.0400e+02,-8.0266e+02,0.0000e+00,1.7995e-04,7.6235e+00,4.8029e-02,1.1250e+03,6.8936e+05,1.7754e+08,3.6499e-01,3.5509e+00,1.8566e+03,1.5845e+05,1.1776e-02,4.0333e+03,4.2884e-03,1.4726e+03,4.2019e-02,1.4305e+04,3.6885e+05,-7.3891e+02,2.1965e+02,-4.4878e+08,1.6505e+00,5.8802e+00,5.3904e+00,-9.7650e+02,-2.5467e+02,-1.0085e+03,-2.2685e+01,-1.0240e+03,6.0500e+02,-8.0409e+02,0.0000e+00,2.0344e-04,7.6462e+00,5.3352e-02,8.9455e+02,4.1120e+05,9.0161e+07,7.6822e-01,1.9303e+00,7.4526e+03,6.0507e+05,1.4238e-02,3.2442e+03,1.0921e-02,2.4934e+03,2.7597e-02,6.2537e+03,4.6540e+05,-7.4052e+02,2.1911e+02,-5.6749e+08,1.7013e+00,6.0926e+00,5.3736e+00,-9.7570e+02,-2.5418e+02,-1.0081e+03,-2.2685e+01,-1.0240e+03,6.0500e+02,-8.0409e+02,0.0000e+00,2.0837e-04,7.7422e+00,5.3585e-02,8.8834e+02,4.2244e+05,9.3151e+07,7.6822e-01,1.9304e+00,9.5586e+03,7.6344e+05,1.3962e-02,3.2154e+03,1.0708e-02,2.4712e+03,2.7065e-02,6.1984e+03
6,3.2242e+06,-7.4060e+02,2.7101e+02,-1.1155e+10,1.8487e+00,5.3169e+00,4.9218e+00,-9.9568e+02,-3.3934e+01,-1.0182e+03,1.0692e+02,-1.0240e+03,1.2030e+03,-8.3471e+02,0.0000e+00,5.5905e-04,7.8984e+00,9.4790e-02,3.5176e+02,3.8684e+05,7.0698e+07,9.9989e-01,1.0004e+00,2.7681e+05,1.5058e+07,3.7186e-02,2.0648e+03,3.7184e-02,2.0638e+03,3.7193e-02,2.0692e+03,1.0434e+05,-8.1956e+02,1.8378e+02,-3.9950e+08,2.7845e+00,1.2409e+01,5.0464e+00,-9.9200e+02,-4.5318e+02,-1.0173e+03,2.9354e+01,-1.0240e+03,3.7900e+02,-8.6265e+02,0.0000e+00,3.5290e-04,8.5976e+00,6.7684e-02,6.8859e+02,6.8959e+05,1.9318e+08,9.9822e-01,1.0075e+00,8.0950e+03,4.8516e+05,2.6592e-02,2.5534e+03,2.6416e-02,2.5506e+03,2.7484e-02,2.5649e+03,2.6196e+05,-7.7695e+02,2.1600e+02,-9.5084e+08,2.0544e+00,7.5050e+00,4.7732e+00,-9.9042e+02,-2.7432e+02,-1.0166e+03,3.9669e+01,-1.0240e+03,1.1480e+03,-8.3938e+02,0.0000e+00,5.6740e-04,8.3834e+00,9.1401e-02,3.1854e+02,2.3203e+05,4.0533e+07,9.9795e-01,1.0084e+00,2.4270e+04,1.2172e+06,3.1717e-02,1.5254e+03,3.1570e-02,1.5234e+03,3.2358e-02,1.5331e+03,3.6630e+05,-7.8909e+02,2.0822e+02,-1.3503e+09,2.2233e+00,8.4389e+00,4.6828e+00,-9.9102e+02,-3.1230e+02,-1.0169e+03,3.7435e+01,-1.0240e+03,1.1480e+03,-8.3938e+02,0.0000e+00,6.3224e-04,8.4410e+00,9.4229e-02,3.0957e+02,2.2297e+05,3.9160e+07,9.9787e-01,1.0088e+00,3.6388e+04,1.7016e+06,3.1967e-02,1.3968e+03,3.1812e-02,1.3950e+03,3.2656e-02,1.4042e+03
7,2.9689e+06,-5.9700e+02,2.1921e+02,-3.1023e+09,9.5893e-01,3.6126e+00,5.3910e+00,-8.5224e+02,-1.2078e+02,-9.7307e+02,-3.1544e+00,-1.0240e+03,7.7200e+02,-6.1990e+02,0.0000e+00,3.9466e-04,8.2317e+00,1.2491e-01,2.8345e+02,2.1175e+05,4.9681e+07,7.6901e-01,1.9248e+00,5.8840e+04,5.1921e+06,8.4032e-04,4.7418e+03,6.4627e-04,3.6450e+03,1.6166e-03,9.1384e+03,9.5761e+04,-6.5576e+02,1.9679e+02,-1.0991e+08,1.2252e+00,4.0052e+00,5.7502e+00,-8.5410e+02,-2.4795e+02,-9.7322e+02,-1.9073e+01,-1.0120e+03,9.0000e+01,-7.3099e+02,0.0000e+00,3.0118e-04,5.7096e+00,9.0264e-02,7.0760e+02,7.7885e+05,2.2563e+08,3.6457e-01,3.5624e+00,1.7018e+03,1.6652e+05,3.2930e-04,9.0215e+03,1.1924e-04,3.2916e+03,1.1829e-03,3.2057e+04,3.6844e+05,-6.1635e+02,1.8700e+02,-3.9748e+08,7.9771e-01,3.3914e+00,5.6627e+00,-8.4879e+02,-2.6462e+02,-9.7277e+02,-1.9690e+01,-1.0170e+03,3.0300e+02,-6.2760e+02,0.0000e+00,2.3895e-04,7.4444e+00,9.3964e-02,4.7928e+02,2.4352e+05,7.6397e+07,7.6737e-01,1.9362e+00,5.9225e+03,6.4057e+05,3.3349e-04,7.4314e+03,2.5486e-04,5.7069e+03,6.5067e-04,1.4357e+04,4.6420e+05,-6.2448e+02,1.8973e+02,-5.0739e+08,8.7666e-01,3.4585e+00,5.6419e+00,-8.5022e+02,-2.6151e+02,-9.7292e+02,-1.9576e+01,-1.0170e+03,3.0300e+02,-6.5400e+02,0.0000e+00,2.6716e-04,7.3157e+00,9.6491e-02,4.8215e+02,2.8264e+05,8.2353e+07,7.6732e-01,1.9366e+00,7.7523e+03,8.0690e+05,3.5060e-04,7.2260e+03,2.6814e-04,5.5490e+03,6.8340e-04,1.3961e+04
8,3.8987e+06,-7.4108e+02,2.5096e+02,-6.2183e+09,1.7554e+00,5.5409e+00,4.0694e+00,-9.7865e+02,-1.3099e+02,-1.0052e+03,4.4619e+01,-1.0240e+03,3.0710e+03,-8.3973e+02,0.0000e+00,1.8874e-03,8.3137e+00,1.7274e-01,1.1243e+02,4.4171e+04,4.3217e+06,9.9972e-01,1.0012e+00,2.7366e+05,8.3846e+06,3.1968e-02,5.7784e+02,3.1966e-02,5.7705e+02,3.1975e-02,5.8127e+02,1.4119e+05,-7.8173e+02,2.1408e+02,-2.3755e+08,2.2123e+00,8.2202e+00,4.5960e+00,-9.7349e+02,-2.8962e+02,-1.0031e+03,1.4407e+01,-1.0240e+03,1.2680e+03,-8.5210e+02,0.0000e+00,7.9411e-04,8.0815e+00,1.0730e-01,3.3774e+02,1.9606e+05,3.2786e+07,5.3703e-01,2.8645e+00,7.0387e+03,3.0146e+05,1.4494e-02,1.3310e+03,7.7622e-03,7.1560e+02,4.1806e-02,3.8008e+03,4.4212e+05,-7.6633e+02,2.1136e+02,-7.2919e+08,1.7417e+00,6.1525e+00,4.4988e+00,-9.7306e+02,-3.0588e+02,-1.0031e+03,1.3552e+01,-1.0240e+03,1.7080e+03,-8.4642e+02,0.0000e+00,9.5032e-04,8.3467e+00,1.2320e-01,2.1836e+02,8.5079e+04,1.1130e+07,9.9700e-01,1.0129e+00,2.2707e+04,9.4402e+05,1.6660e-02,9.9952e+02,1.6605e-02,9.9778e+02,1.6916e-02,1.0068e+03,5.8331e+05,-7.7006e+02,2.1212e+02,-9.6675e+08,1.8563e+00,6.6303e+00,4.4663e+00,-9.7325e+02,-3.0288e+02,-1.0031e+03,1.3711e+01,-1.0240e+03,1.7080e+03,-8.4642e+02,0.0000e+00,9.8794e-04,8.2735e+00,1.2376e-01,2.2315e+02,9.2483e+04,1.2325e+07,9.9697e-01,1.0130e+00,3.1001e+04,1.2454e+06,1.6936e-02,9.8529e+02,1.6872e-02,9.8360e+02,1.7237e-02,9.9237e+02
9,3.9059e+06,-7.5324e+02,2.5793e+02,-4.2698e+09,1.8898e+00,6.3345e+00,4.3593e+00,-1.0034e+03,-1.0114e+02,-1.0209e+03,8.3988e+01,-1.0240e+03,2.3550e+03,-8.3815e+02,0.0000e+00,8.2931e-04,8.4503e+00,9.4581e-02,2.7155e+02,9.0669e+04,1.1238e+07,9.9979e-01,1.0009e+00,1.4318e+05,5.6655e+06,6.0727e-02,8.2377e+02,6.0722e-02,8.2315e+02,6.0749e-02,8.2632e+02,1.0226e+05,-7.8624e+02,2.2195e+02,-1.1668e+08,2.1984e+00,8.5583e+00,5.2639e+00,-1.0071e+03,-2.8155e+02,-1.0218e+03,5.8550e+00,-1.0240e+03,5.3400e+02,-8.4483e+02,0.0000e+00,2.2123e-04,8.5562e+00,4.7819e-02,1.1622e+03,6.3427e+05,1.6361e+08,5.3784e-01,2.8540e+00,2.0022e+03,1.4788e+05,3.8647e-02,2.8953e+03,2.0726e-02,1.5579e+03,1.1101e-01,8.2541e+03,4.4581e+05,-7.9762e+02,2.0043e+02,-5.1607e+08,2.1254e+00,9.0348e+00,5.1533e+00,-1.0092e+03,-4.0271e+02,-1.0222e+03,-1.3466e+01,-1.0240e+03,6.0900e+02,-8.3621e+02,0.0000e+00,2.3960e-04,8.6008e+00,4.9536e-02,1.0712e+03,3.6304e+05,8.6691e+07,9.9862e-01,1.0057e+00,9.2607e+03,6.4464e+05,4.3716e-02,2.2824e+03,4.3545e-02,2.2808e+03,4.4455e-02,2.2889e+03,5.4807e+05,-7.9550e+02,2.0466e+02,-6.3276e+08,2.1530e+00,8.9938e+00,5.1626e+00,-1.0089e+03,-3.8345e+02,-1.0220e+03,-1.1390e+01,-1.0240e+03,6.0900e+02,-8.3621e+02,0.0000e+00,2.3924e-04,8.6086e+00,4.9620e-02,1.0688e+03,3.9940e+05,9.6241e+07,9.9861e-01,1.0057e+00,1.1356e+04,7.9249e+05,4.2839e-02,2.3487e+03,4.2670e-02,2.3470e+03,4.3569e-02,2.3557e+03
10,2.8838e+06,-5.9937e+02,2.3798e+02,-3.1378e+09,1.1541e+00,3.5853e+00,4.7998e+00,-8.5163e+02,-5.1389e+01,-9.7142e+02,4.9229e+01,-1.0240e+03,1.6570e+03,-6.8888e+02,0.0000e+00,9.3201e-04,8.6569e+00,1.6936e-01,1.3284e+02,9.9597e+04,1.3933e+07,9.9958e-01,1.0018e+00,9.5131e+04,5.2294e+06,1.4192e-03,2.2013e+03,1.4189e-03,2.1985e+03,1.4202e-03,2.2139e+03,7.7319e+04,-6.3809e+02,2.2120e+02,-8.9566e+07,1.4938e+00,4.4861e+00,5.7953e+00,-8.5272e+02,-8.4481e+01,-9.7149e+02,2.6907e+01,-1.0180e+03,1.0200e+02,-7.2120e+02,0.0000e+00,2.2539e-04,6.5389e+00,8.1431e-02,7.6785e+02,1.3678e+06,4.0629e+08,5.3733e-01,2.8600e+00,1.3537e+03,1.3952e+05,2.8636e-04,1.0186e+04,1.5176e-04,5.4757e+03,8.2792e-04,2.9101e+04,3.3523e+05,-6.3587e+02,2.0091e+02,-3.8698e+08,1.1638e+00,3.7328e+00,5.4859e+00,-8.5256e+02,-2.1273e+02,-9.7149e+02,-2.4458e+01,-1.0200e+03,4.3300e+02,-7.0761e+02,0.0000e+00,3.3124e-04,6.9341e+00,1.0106e-01,4.0190e+02,3.5324e+05,7.8070e+07,9.9730e-01,1.0114e+00,6.8615e+03,6.0425e+05,4.1982e-04,5.9011e+03,4.1712e-04,5.8897e+03,4.3102e-04,5.9486e+03,4.1255e+05,-6.3629e+02,2.0487e+02,-4.7654e+08,1.2431e+00,3.9408e+00,5.4814e+00,-8.5271e+02,-1.9369e+02,-9.7149e+02,-2.3938e+01,-1.0200e+03,4.3300e+02,-7.0761e+02,0.0000e+00,3.3688e-04,6.9535e+00,1.0149e-01,4.1216e+02,4.0435e+05,9.0275e+07,9.9728e-01,1.0115e+00,8.5790e+03,7.4356e+05,4.2410e-04,5.9411e+03,4.2161e-04,5.9292e+03,4.3444e-04,5.9902e+03
11,3.7229e+06,-7.5698e+02,1.7738e+02,-5.8291e+09,2.5876e+00,9.8076e+00,4.5092e+00,-8.9723e+02,-3.6659e+02,-9.8937e+02,-3.4224e+01,-1.0240e+03,7.5600e+02,-8.1930e+02,0.0000e+00,1.4078e-03,7.9756e+00,1.7189e-01,1.7814e+02,3.0149e+05,5.9967e+07,9.9984e-01,1.0007e+00,1.9749e+05,7.6973e+06,1.2277e-03,2.1646e+03,1.2276e-03,2.1627e+03,1.2282e-03,2.1734e+03,2.1482e+05,-7.8655e+02,1.6163e+02,-3.4950e+08,2.9977e+00,1.2561e+01,4.8571e+00,-9.0286e+02,-4.2615e+02,-9.8997e+02,-3.5890e+01,-1.0060e+03,1.0200e+02,-8.3426e+02,0.0000e+00,7.8336e-04,7.9562e+00,1.2584e-01,4.8729e+02,1.1016e+06,3.3568e+08,5.3666e-01,2.8680e+00,9.2296e+03,4.4011e+05,7.3148e-04,4.0159e+03,3.9162e-04,2.1584e+03,2.1040e-03,1.1478e+04,5.0755e+05,-7.8282e+02,1.2142e+02,-8.2183e+08,2.4273e+00,1.0848e+01,4.9073e+00,-8.9493e+02,-5.3663e+02,-9.8899e+02,-4.0297e+01,-1.0070e+03,1.2400e+02,-8.2038e+02,0.0000e+00,6.3667e-04,8.1229e+00,1.1738e-01,3.4950e+02,3.2025e+05,7.4822e+07,9.9719e-01,1.0121e+00,1.9341e+04,1.0421e+06,6.3718e-04,3.3813e+03,6.3425e-04,3.3755e+03,6.4964e-04,3.4058e+03,7.2237e+05,-7.8393e+02,1.3465e+02,-1.1713e+09,2.7859e+00,1.2691e+01,4.9037e+00,-8.9808e+02,-5.1674e+02,-9.8950e+02,-3.9347e+01,-1.0070e+03,1.2400e+02,-8.2038e+02,0.0000e+00,6.8073e-04,8.0577e+00,1.2053e-01,3.8477e+02,5.3215e+05,1.4411e+08,9.9708e-01,1.0126e+00,2.8455e+04,1.4827e+06,6.7017e-04,3.5292e+03,6.6725e-04,3.5232e+03,6.8274e-04,3.5548e+03
12,2.6288e+06,-6.1340e+02,2.1167e+02,-2.1251e+09,1.4685e+00,4.8263e+00,5.5183e+00,-8.2964e+02,-8.7912e+01,-9.8402e+02,3.0326e+01,-1.0240e+03,4.0300e+02,-6.7438e+02,0.0000e+00,2.9903e-04,7.3787e+00,9.7847e-02,4.2520e+02,5.9432e+05,1.4664e+08,7.6906e-01,1.9243e+00,3.9936e+04,3.4622e+06,5.7071e-04,6.9418e+03,4.3884e-04,5.3368e+03,1.0982e-03,1.3373e+04,8.2744e+04,-6.3208e+02,2.0386e+02,-6.8926e+07,1.4952e+00,4.8471e+00,5.7493e+00,-8.3408e+02,-1.4855e+02,-9.8425e+02,-1.9113e+01,-1.0240e+03,1.2500e+02,-6.9653e+02,0.0000e+00,2.2786e-04,6.4982e+00,7.8761e-02,7.4523e+02,9.8105e+05,2.8043e+08,3.6469e-01,3.5597e+00,1.0970e+03,1.0843e+05,3.1654e-04,9.7753e+03,1.1440e-04,3.5668e+03,1.1301e-03,3.4742e+04,4.3001e+05,-6.4930e+02,1.5912e+02,-3.6796e+08,1.5078e+00,5.7923e+00,5.5427e+00,-8.2552e+02,-3.2279e+02,-9.8383e+02,-2.7128e+01,-1.0240e+03,1.3300e+02,-6.9425e+02,0.0000e+00,2.3669e-04,7.4474e+00,8.0962e-02,5.5151e+02,4.3954e+05,1.1500e+08,7.6769e-01,1.9340e+00,6.2129e+03,5.6349e+05,2.5430e-04,8.1960e+03,1.9430e-04,6.2949e+03,4.9557e-04,1.5829e+04,5.1276e+05,-6.4652e+02,1.6727e+02,-4.3688e+08,1.5498e+00,5.7910e+00,5.5823e+00,-8.2676e+02,-2.9528e+02,-9.8388e+02,-2.6172e+01,-1.0240e+03,1.3300e+02,-6.9425e+02,0.0000e+00,2.3369e-04,7.2865e+00,8.0716e-02,5.8113e+02,5.3363e+05,1.4311e+08,7.6768e-01,1.9340e+00,7.2900e+03,6.7191e+05,2.6362e-04,8.4292e+03,2.0160e-04,6.4739e+03,5.1294e-04,1.6280e+04
13,5.0156e+06,-7.6255e+02,2.0542e+02,-4.8217e+09,2.4193e+00,8.3554e+00,4.2851e+00,-9.1454e+02,-2.5210e+02,-9.9438e+02,-3.1350e+00,-1.0240e+03,1.1560e+03,-8.3870e+02,0.0000e+00,2.3855e-03,7.7767e+00,2.1244e-01,1.3014e+02,2.4313e+05,4.1774e+07,9.9975e-01,1.0011e+00,2.0081e+05,6.3190e+06,2.3498e-03,1.5558e+03,2.3496e-03,1.5533e+03,2.3505e-03,1.5670e+03,1.9462e+05,-8.1734e+02,1.6525e+02,-2.0054e+08,3.2699e+00,1.4040e+01,4.6156e+00,-9.2053e+02,-4.4959e+02,-9.9575e+02,-1.1530e+01,-1.0070e+03,8.9000e+01,-8.7000e+02,0.0000e+00,1.0928e-03,7.8252e+00,1.3207e-01,5.8749e+02,1.3106e+06,4.2107e+08,4.2173e-01,3.3348e+00,6.3322e+03,2.4286e+05,1.0558e-03,3.4970e+03,4.4434e-04,1.4775e+03,3.5288e-03,1.1607e+04,6.9126e+05,-7.9240e+02,1.4219e+02,-6.9055e+08,2.3321e+00,9.9423e+00,5.0333e+00,-9.1616e+02,-5.0782e+02,-9.9483e+02,-1.6192e+01,-1.0230e+03,1.1600e+02,-8.4646e+02,0.0000e+00,6.7846e-04,7.7040e+00,1.2294e-01,3.8619e+02,5.1194e+05,1.3517e+08,9.9656e-01,1.0148e+00,1.5341e+04,8.6357e+05,6.9170e-04,3.7596e+03,6.8786e-04,3.7524e+03,7.0812e-04,3.7898e+03,8.8588e+05,-7.9788e+02,1.4793e+02,-8.9109e+08,2.5924e+00,1.1148e+01,4.9585e+00,-9.1749e+02,-5.0158e+02,-9.9505e+02,-1.5632e+01,-1.0230e+03,1.1600e+02,-8.4646e+02,0.0000e+00,7.6530e-04,7.6261e+00,1.2593e-01,4.2088e+02,6.4842e+05,1.8051e+08,9.9644e-01,1.0154e+00,2.1424e+04,1.1064e+06,7.2944e-04,3.7163e+03,7.2554e-04,3.7093e+03,7.4615e-04,3.7458e+03
14,3.0832e+06,-7.5762e+02,2.2296e+02,-3.6074e+09,2.3610e+00,8.4396e+00,4.3573e+00,-9.5433e+02,-1.7346e+02,-1.0006e+03,1.4883e+01,-1.0240e+03,1.6370e+03,-8.2442e+02,0.0000e+00,1.0327e-03,8.3518e+00,1.2072e-01,2.3191e+02,1.5520e+05,2.3368e+07,7.6909e-01,1.9241e+00,1.2973e+05,4.7590e+06,9.3761e-03,1.1427e+03,7.2108e-03,8.7828e+02,1.8042e-02,2.2035e+03,1.1357e+05,-8.0537e+02,1.7339e+02,-1.4125e+08,2.9977e+00,1.3553e+01,5.0206e+00,-9.5552e+02,-4.6547e+02,-1.0009e+03,-5.7888e+00,-1.0240e+03,2.6800e+02,-8.4958e+02,0.0000e+00,3.5141e-04,8.3900e+00,6.5867e-02,9.2705e+02,7.1715e+05,2.0451e+08,3.6484e-01,3.5558e+00,2.9866e+03,1.7458e+05,3.7855e-03,3.1003e+03,1.3806e-03,1.1317e+03,1.3442e-02,1.1002e+04,4.2755e+05,-7.9183e+02,1.5887e+02,-5.2284e+08,2.6462e+00,1.2637e+01,5.0481e+00,-9.5190e+02,-4.9910e+02,-9.9975e+02,-7.6768e+00,-1.0240e+03,3.6300e+02,-8.2288e+02,0.0000e+00,3.1745e-04,8.4037e+00,6.7348e-02,7.4533e+02,3.8359e+05,9.9669e+07,7.6797e-01,1.9322e+00,1.0598e+04,6.5718e+05,4.0205e-03,2.7392e+03,3.0883e-03,2.1048e+03,7.7620e-03,5.2833e+03,5.4112e+05,-7.9467e+02,1.6212e+02,-6.6409e+08,2.7307e+00,1.2863e+01,5.0286e+00,-9.5272e+02,-4.9404e+02,-1.0000e+03,-7.3849e+00,-1.0240e+03,3.6300e+02,-8.3675e+02,0.0000e+00,3.3204e-04,8.3997e+00,6.8007e-02,7.5769e+02,4.2325e+05,1.1049e+08,7.6796e-01,1.9323e+00,1.3728e+04,8.3170e+05,4.0191e-03,2.7296e+03,3.0873e-03,2.0974e+03,7.7585e-03,5.2646e+03
15,2.2877e+06,-6.3179e+02,2.6500e+02,-2.7527e+09,1.2722e+00,3.8034e+00,4.6469e+00,-9.0557e+02,-2.3531e+01,-9.8424e+02,1.1027e+02,-1.0240e+03,2.1960e+03,-7.1810e+02,0.0000e+00,7.7958e-04,8.1717e+00,1.1792e-01,2.2845e+02,7.8815e+04,9.4490e+06,7.6902e-01,1.9247e+00,9.1657e+04,4.3535e+06,5.4406e-03,1.4477e+03,4.1810e-03,1.1128e+03,1.0506e-02,2.7908e+03,9.8221e+04,-7.3572e+02,1.9363e+02,-1.3763e+08,2.3962e+00,9.2991e+00,5.2268e+00,-9.0819e+02,-2.9000e+02,-9.8490e+02,-9.2394e+00,-1.0240e+03,3.1200e+02,-7.9020e+02,0.0000e+00,3.0485e-04,7.7562e+00,6.3087e-02,9.6608e+02,7.4146e+05,1.9819e+08,3.6485e-01,3.5552e+00,2.8384e+03,1.8624e+05,1.5333e-03,4.4835e+03,5.5758e-04,1.6364e+03,5.4627e-03,1.5918e+04,3.6429e+05,-6.3165e+02,2.5020e+02,-4.3824e+08,1.1843e+00,4.0644e+00,4.6685e+00,-9.0513e+02,-9.4488e+01,-9.8424e+02,5.6621e+01,-1.0240e+03,2.1960e+03,-7.1810e+02,0.0000e+00,6.8418e-04,8.4145e+00,1.1145e-01,2.4245e+02,5.6942e+04,7.2388e+06,7.6702e-01,1.9391e+00,1.3908e+04,6.8818e+05,5.7729e-03,1.4002e+03,4.4205e-03,1.0750e+03,1.1246e-02,2.7074e+03,4.6251e+05,-6.5375e+02,2.4306e+02,-5.7587e+08,1.3593e+00,4.5447e+00,4.5563e+00,-9.0665e+02,-1.1385e+02,-9.8446e+02,4.1620e+01,-1.0240e+03,2.1960e+03,-7.5030e+02,0.0000e+00,8.4835e-04,8.1466e+00,1.1796e-01,2.2629e+02,6.0466e+04,7.2480e+06,7.6690e-01,1.9402e+00,1.9884e+04,8.7331e+05,5.6587e-03,1.2697e+03,4.3335e-03,9.7466e+02,1.1021e-02,2.4560e+03
16,4.3864e+06,-7.7265e+02,2.1732e+02,-4.7168e+09,2.2866e+00,8.2434e+00,4.5785e+00,-9.6937e+02,-2.3275e+02,-1.0070e+03,-5.0845e+00,-1.0240e+03,1.3130e+03,-8.4873e+02,0.0000e+00,7.8351e-04,8.4379e+00,1.0565e-01,2.8377e+02,2.0269e+05,3.4079e+07,9.9983e-01,1.0007e+00,1.4124e+05,6.1021e+06,1.3082e-02,1.3527e+03,1.3081e-02,1.3515e+03,1.3088e-02,1.3576e+03,1.7935e+05,-8.1899e+02,1.8431e+02,-2.0443e+08,2.9792e+00,1.2914e+01,4.9855e+00,-9.7435e+02,-4.3161e+02,-1.0089e+03,-1.5716e+01,-1.0240e+03,3.0200e+02,-8.7151e+02,0.0000e+00,3.8428e-04,8.4389e+00,6.6418e-02,8.9772e+02,8.3260e+05,2.3912e+08,5.3764e-01,2.8570e+00,4.4212e+03,2.4841e+05,8.8039e-03,2.8723e+03,4.7306e-03,1.5453e+03,2.5153e-02,8.1926e+03,5.9538e+05,-8.0361e+02,1.5363e+02,-6.6588e+08,2.1663e+00,1.0044e+01,4.6776e+00,-9.6842e+02,-5.1422e+02,-1.0067e+03,-2.0809e+01,-1.0240e+03,8.6700e+02,-8.4436e+02,0.0000e+00,5.3793e-04,8.8800e+00,8.8639e-02,3.5232e+02,1.0964e+05,1.8927e+07,9.9759e-01,1.0101e+00,1.6675e+04,8.2335e+05,1.0520e-02,1.3529e+03,1.0497e-02,1.3508e+03,1.0620e-02,1.3617e+03,7.7473e+05,-8.0717e+02,1.6138e+02,-8.7031e+08,2.4448e+00,1.1251e+01,4.6480e+00,-9.7005e+02,-5.0409e+02,-1.0074e+03,-2.0097e+01,-1.0240e+03,8.6700e+02,-8.4436e+02,0.0000e+00,5.8312e-04,8.7446e+00,8.9561e-02,3.7300e+02,1.4928e+05,2.7448e+07,9.9756e-01,1.0102e+00,2.2714e+04,1.0713e+06,1.0882e-02,1.3687e+03,1.0858e-02,1.3666e+03,1.0983e-02,1.3774e+03
17,1.6605e+06,-7.0933e+02,2.2612e+02,-2.1383e+09,1.8401e+00,5.6128e+00,4.7634e+00,-8.9005e+02,-1.3831e+02,-9.8041e+02,4.2945e+00,-1.0240e+03,8.2000e+02,-8.1194e+02,0.0000e+00,1.2838e-03,7.2005e+00,1.5222e-01,2.6385e+02,4.0713e+05,7.7653e+07,5.3835e-01,2.8479e+00,7.0891e+04,3.0123e+06,1.2806e-03,2.9378e+03,6.8937e-04,1.5803e+03,3.6464e-03,8.3885e+03,6.0000e+04,-7.7066e+02,1.8752e+02,-8.3943e+07,2.5738e+00,9.3173e+00,4.9390e+00,-8.9937e+02,-2.8481e+02,-9.8358e+02,-5.2388e+00,-1.0240e+03,8.9000e+01,-8.4036e+02,0.0000e+00,8.1313e-04,7.3133e+00,1.1017e-01,7.3631e+02,1.4059e+06,4.2395e+08,3.6435e-01,3.5705e+00,2.3683e+03,1.0803e+05,6.5251e-04,5.3143e+03,2.3666e-04,1.9388e+03,2.3347e-03,1.8898e+04,2.5314e+05,-7.5737e+02,1.6144e+02,-3.4804e+08,2.1107e+00,7.5064e+00,5.0679e+00,-8.8986e+02,-3.8726e+02,-9.8010e+02,-1.2032e+01,-1.0240e+03,1.3300e+02,-8.2152e+02,0.0000e+00,6.4575e-04,7.2638e+00,1.0638e-01,5.2994e+02,6.2770e+05,1.5074e+08,5.3708e-01,2.8632e+00,8.4772e+03,4.5609e+05,6.0629e-04,4.8156e+03,3.2455e-04,2.5888e+03,1.7422e-03,1.3755e+04,3.1314e+05,-7.5992e+02,1.6683e+02,-4.3199e+08,2.2346e+00,8.0835e+00,5.0485e+00,-8.9227e+02,-3.7494e+02,-9.8106e+02,-1.1023e+01,-1.0240e+03,1.3300e+02,-8.2152e+02,0.0000e+00,6.7698e-04,7.2440e+00,1.0780e-01,5.5904e+02,7.4302e+05,1.8947e+08,5.3704e-01,2.8637e+00,1.0806e+04,5.6409e+05,6.2254e-04,4.8356e+03,3.3344e-04,2.5996e+03,1.7880e-03,1.3813e+04
18,3.5047e+06,-6.5509e+02,2.3159e+02,-3.0122e+09,1.4696e+00,4.2715e+00,4.9742e+00,-8.7319e+02,-1.0369e+02,-9.8750e+02,2.0427e+01,-1.0240e+03,9.9100e+02,-7.5198e+02,0.0000e+00,7.6865e-04,7.4851e+00,1.3694e-01,2.1560e+02,2.7069e+05,4.6125e+07,9.9974e-01,1.0011e+00,8.1562e+04,4.5949e+06,9.8294e-04,3.1094e+03,9.8263e-04,3.1065e+03,9.8420e-04,3.1221e+03,8.9017e+04,-7.2321e+02,1.7849e+02,-8.4462e+07,2.0265e+00,6.8616e+00,5.2712e+00,-8.7244e+02,-2.9630e+02,-9.8735e+02,-1.3243e+01,-1.0200e+03,1.0400e+02,-7.8958e+02,0.0000e+00,4.5873e-04,7.2661e+00,9.0770e-02,6.6128e+02,9.0214e+05,2.3610e+08,4.2218e-01,3.3242e+00,1.8199e+03,1.1601e+05,4.0580e-04,6.2896e+03,1.6978e-04,2.6574e+03,1.3561e-03,2.0870e+04,4.7355e+05,-6.8781e+02,1.9241e+02,-4.2732e+08,1.5145e+00,4.8150e+00,5.3706e+00,-8.7645e+02,-2.5885e+02,-9.8799e+02,-1.1635e+01,-1.0200e+03,3.4100e+02,-7.5461e+02,0.0000e+00,3.8531e-04,7.1565e+00,9.7780e-02,4.0874e+02,4.9782e+05,1.1002e+08,7.6735e-01,1.9366e+00,8.2092e+03,6.1698e+05,5.1375e-04,5.2770e+03,3.9319e-04,4.0525e+03,9.9978e-04,1.0195e+04,5.6256e+05,-6.9341e+02,1.9072e+02,-5.1178e+08,1.5817e+00,5.0405e+00,5.3208e+00,-8.7568e+02,-2.6321e+02,-9.8783e+02,-1.1833e+01,-1.0200e+03,3.4100e+02,-7.6822e+02,0.0000e+00,4.1806e-04,7.1871e+00,9.9434e-02,4.1545e+02,5.0352e+05,1.1050e+08,7.6729e-01,1.9369e+00,1.0258e+04,7.3284e+05,5.2334e-04,5.1224e+03,4.0065e-04,3.9337e+03,1.0180e-03,9.8968e+03
19,1.7043e+06,-4.3353e+02,2.9581e+02,-2.6134e+09,3.2775e-01,2.1554e+00,5.5176e+00,-8.5059e+02,7.8875e+01,-9.7692e+02,2.0924e+02,-1.0240e+03,1.4520e+03,-4.6690e+02,0.0000e+00,1.3902e-04,7.7871e+00,5.9043e-02,5.3747e+02,6.3803e+04,2.1506e+07,9.9974e-01,1.0010e+00,5.6272e+04,6.0240e+06,4.7570e-03,4.7242e+03,4.7529e-03,4.7223e+03,4.7799e-03,4.7318e+03,3.0870e+04,-5.7504e+02,2.4430e+02,-6.2790e+07,1.0376e+00,3.6849e+00,5.8650e+00,-8.7370e+02,-5.1523e+01,-9.8211e+02,8.9325e+01,-1.0240e+03,4.7200e+02,-6.4252e+02,0.0000e+00,1.0359e-04,5.5333e+00,4.0457e-02,1.1941e+03,5.0735e+05,1.2818e+08,4.2271e-01,3.3144e+00,9.2109e+02,1.0888e+05,3.1146e-03,7.7271e+03,1.3144e-03,3.2666e+03,1.0327e-02,2.5604e+04,1.9800e+05,-4.5185e+02,2.8040e+02,-3.1646e+08,3.3011e-01,2.2859e+00,6.0621e+00,-8.5253e+02,3.8631e+01,-9.7733e+02,1.6673e+02,-1.0240e+03,6.1200e+02,-4.9230e+02,0.0000e+00,6.2747e-05,2.3190e+00,3.8409e-02,1.2848e+03,1.6484e+05,8.9778e+07,9.9903e-01,1.0040e+00,4.5204e+03,6.9856e+05,3.8302e-03,1.0031e+04,3.8178e-03,1.0022e+04,3.8850e-03,1.0067e+04,2.2888e+05,-4.6846e+02,2.7900e+02,-3.7925e+08,4.1432e-01,2.3464e+00,6.0394e+00,-8.5646e+02,3.1284e+01,-9.7817e+02,1.5990e+02,-1.0240e+03,6.1200e+02,-5.0866e+02,0.0000e+00,6.7120e-05,2.8594e+00,3.9194e-02,1.2461e+03,2.1137e+05,9.1155e+07,9.9901e-01,1.0040e+00,5.3750e+03,8.0744e+05,3.7659e-03,9.5502e+03,3.7548e-03,9.5418e+03,3.8151e-03,9.5845e+03
20,2.3471e+06,-5.9195e+02,2.4039e+02,-2.8738e+09,1.0883e+00,3.3433e+00,4.6179e+00,-8.5500e+02,-4.3034e+01,-9.7266e+02,6.6258e+01,-1.0230e+03,2.0910e+03,-6.6489e+02,0.0000e+00,1.1634e-03,9.1929e+00,1.9261e-01,8.9369e+01,6.2447e+04,7.3989e+06,9.9950e-01,1.0023e+00,9.7536e+04,4.8484e+06,1.6843e-03,1.6821e+03,1.6841e-03,1.6793e+03,1.6855e-03,1.6948e+03,1.2229e+05,-6.5604e+02,2.0548e+02,-1.6595e+08,1.6094e+00,5.0501e+00,5.6855e+00,-8.5477e+02,-1.5250e+02,-9.7256e+02,-3.2199e+01,-1.0140e+03,1.2400e+02,-7.2381e+02,0.0000e+00,2.6447e-04,6.6833e+00,8.5700e-02,6.7805e+02,1.1255e+06,3.1844e+08,5.3725e-01,2.8604e+00,2.7284e+03,2.5134e+05,3.1287e-04,8.7015e+03,1.6686e-04,4.6780e+03,9.0067e-04,2.4851e+04,3.6586e+05,-6.2623e+02,2.0112e+02,-4.7390e+08,9.7886e-01,3.3755e+00,5.5734e+00,-8.6244e+02,-2.2120e+02,-9.7341e+02,-3.6910e+01,-1.0180e+03,4.6100e+02,-6.8523e+02,0.0000e+00,2.6899e-04,7.0259e+00,9.8421e-02,3.7686e+02,2.7706e+05,6.5330e+07,9.9772e-01,1.0096e+00,7.6378e+03,7.5220e+05,4.5630e-04,5.8788e+03,4.5399e-04,5.8690e+03,4.6583e-04,5.9195e+03,4.8816e+05,-6.3370e+02,2.0263e+02,-6.3985e+08,1.1340e+00,3.7354e+00,5.5251e+00,-8.6057e+02,-2.0915e+02,-9.7320e+02,-3.6667e+01,-1.0180e+03,4.6100e+02,-7.0001e+02,0.0000e+00,3.0272e-04,6.9829e+00,1.0102e-01,3.8310e+02,3.3495e+05,7.5761e+07,9.9763e-01,1.0100e+00,1.0945e+04,1.0034e+06,4.6519e-04,5.7222e+03,4.6304e-04,5.7124e+03,4.7414e-04,5.7628e+03
21,4.1033e+06,-7.4137e+02,2.1287e+02,-7.2349e+09,2.0494e+00,6.4733e+00,4.5358e+00,-9.1537e+02,-2.4268e+02,-9.7263e+02,3.9924e+01,-1.0240e+03,1.1510e+03,-8.1738e+02,0.0000e+00,1.9429e-03,7.7992e+00,2.0299e-01,1.4687e+02,2.2392e+05,3.7608e+07,9.9978e-01,1.0010e+00,2.5274e+05,9.7531e+06,2.2314e-03,1.7684e+03,2.2312e-03,1.7663e+03,2.2322e-03,1.7776e+03,2.4901e+05,-8.1780e+02,1.5718e+02,-4.8432e+08,3.0561e+00,1.3233e+01,4.7435e+00,-9.2479e+02,-4.8460e+02,-9.7795e+02,2.0370e+01,-1.0160e+03,1.0500e+02,-8.6466e+02,0.0000e+00,1.1066e-03,7.6269e+00,1.4015e-01,4.8709e+02,9.5761e+05,2.8843e+08,5.3644e-01,2.8711e+00,1.4095e+04,5.8587e+05,1.0344e-03,3.3827e+03,5.5405e-04,1.8180e+03,2.9764e-03,9.6666e+03,6.0720e+05,-7.5789e+02,1.6634e+02,-1.0945e+09,1.7967e+00,6.5511e+00,4.6873e+00,-9.1127e+02,-4.0665e+02,-9.7039e+02,2.9230e+01,-1.0220e+03,7.9100e+02,-8.1350e+02,0.0000e+00,1.2401e-03,7.9628e+00,1.6935e-01,1.8828e+02,1.5631e+05,2.5919e+07,9.9579e-01,1.0186e+00,3.1146e+04,1.4282e+06,1.5046e-03,1.9801e+03,1.4950e-03,1.9756e+03,1.5476e-03,1.9991e+03,8.5621e+05,-7.7531e+02,1.6598e+02,-1.5788e+09,2.0595e+00,7.6442e+00,4.5580e+00,-9.1811e+02,-4.1863e+02,-9.7440e+02,2.8050e+01,-1.0220e+03,7.9100e+02,-8.3163e+02,0.0000e+00,1.5509e-03,7.7468e+00,1.8071e-01,1.8771e+02,1.7868e+05,3.0314e+07,9.9540e-01,1.0205e+00,5.0365e+04,2.0118e+06,1.7400e-03,1.7978e+03,1.7287e-03,1.7935e+03,1.7910e-03,1.8158e+03
22,2.0190e+06,-6.0963e+02,2.5870e+02,-2.1996e+09,9.4150e-01,2.8230e+00,5.4115e+00,-8.7578e+02,-6.4049e+01,-9.7959e+02,6.2782e+01,-1.0240e+03,7.9100e+02,-7.0638e+02,0.0000e+00,5.3852e-04,6.1777e+00,1.2739e-01,3.4469e+02,3.3725e+05,7.1707e+07,9.9962e-01,1.0017e+00,4.4955e+04,3.6043e+06,1.0337e-03,4.8060e+03,1.0319e-03,4.8007e+03,1.0423e-03,4.8290e+03,9.9656e+04,-6.8524e+02,2.2043e+02,-1.2204e+08,1.6090e+00,4.8918e+00,5.5055e+00,-8.7659e+02,-1.5298e+02,-9.7965e+02,3.2116e+00,-1.0240e+03,2.3300e+02,-7.6632e+02,0.0000e+00,4.3934e-04,6.4709e+00,1.0443e-01,6.3072e+02,1.0257e+06,2.7214e+08,3.6446e-01,3.5650e+00,2.3232e+03,1.7681e+05,6.1440e-04,6.8440e+03,2.2328e-04,2.4964e+03,2.1929e-03,2.4347e+04,3.5786e+05,-6.3065e+02,2.3760e+02,-4.0332e+08,9.1831e-01,2.8528e+00,5.3980e+00,-8.7834e+02,-1.5784e+02,-9.7977e+02,2.9763e+00,-1.0240e+03,6.8500e+02,-7.2492e+02,0.0000e+00,5.3874e-04,6.0310e+00,1.2156e-01,3.6480e+02,2.9070e+05,6.2529e+07,7.6672e-01,1.9413e+00,8.0791e+03,6.3374e+05,8.1392e-04,4.7976e+03,6.2232e-04,3.6825e+03,1.5897e-03,9.2819e+03,4.5752e+05,-6.4254e+02,2.3505e+02,-5.2535e+08,1.0470e+00,3.1438e+00,5.3422e+00,-8.7820e+02,-1.5717e+02,-9.7977e+02,2.9763e+00,-1.0240e+03,6.8500e+02,-7.4201e+02,0.0000e+00,5.8768e-04,6.0937e+00,1.2492e-01,3.5963e+02,3.2167e+05,6.6074e+07,7.6668e-01,1.9416e+00,1.1064e+04,8.1011e+05,8.7213e-04,4.5621e+03,6.6724e-04,3.5015e+03,1.7011e-03,8.8280e+03
23,2.3848e+06,-5.7539e+02,2.5512e+02,-3.0397e+09,7.9686e-01,2.6105e+00,5.4464e+00,-8.6688e+02,-4.9630e+01,-9.8282e+02,6.3811e+01,-1.0240e+03,9.2900e+02,-6.4316e+02,0.0000e+00,3.8104e-04,7.8353e+00,1.2336e-01,2.4633e+02,2.2326e+05,4.8116e+07,9.9965e-01,1.0015e+00,5.7153e+04,5.2780e+06,9.1006e-04,4.6353e+03,9.0987e-04,4.6311e+03,9.1080e-04,4.6534e+03,1.5652e+05,-6.2540e+02,2.2269e+02,-2.1685e+08,1.0237e+00,3.1601e+00,5.8929e+00,-8.6611e+02,-1.6214e+02,-9.8282e+02,8.3744e+00,-1.0100e+03,1.7600e+02,-7.0757e+02,0.0000e+00,2.0927e-04,5.8570e+00,8.6467e-02,5.8393e+02,8.0027e+05,2.3288e+08,5.3727e-01,2.8600e+00,2.9221e+03,3.4457e+05,3.5092e-04,9.2856e+03,1.8757e-04,4.9922e+03,1.0086e-03,2.6516e+04,3.9228e+05,-6.0732e+02,2.3344e+02,-5.2776e+08,7.9600e-01,2.7297e+00,5.6605e+00,-8.7449e+02,-1.3946e+02,-9.8398e+02,1.3075e+01,-1.0240e+03,5.6100e+02,-6.6738e+02,0.0000e+00,2.7851e-04,6.5471e+00,1.0111e-01,3.5792e+02,3.0295e+05,7.6831e+07,9.9766e-01,1.0099e+00,8.2438e+03,8.6365e+05,8.6334e-04,6.0185e+03,8.6003e-04,6.0071e+03,8.7752e-04,6.0658e+03,5.4880e+05,-6.1248e+02,2.3057e+02,-7.4461e+08,8.5786e-01,2.8337e+00,5.6160e+00,-8.7179e+02,-1.4459e+02,-9.8355e+02,1.1623e+01,-1.0240e+03,5.6100e+02,-6.8323e+02,0.0000e+00,3.0012e-04,6.5663e+00,1.0440e-01,3.4904e+02,3.1354e+05,7.5739e+07,9.9757e-01,1.0104e+00,1.2050e+04,1.2080e+06,7.6432e-04,5.8716e+03,7.6141e-04,5.8605e+03,7.7676e-04,5.9177e+03
24,4.7987e+06,-6.4823e+02,2.3664e+02,-6.1233e+09,1.4401e+00,5.5645e+00,4.2312e+00,-9.1105e+02,-8.1097e+01,-9.8780e+02,5.1105e+01,-1.0240e+03,3.0710e+03,-7.1688e+02,0.0000e+00,1.4692e-03,9.0621e+00,1.9337e-01,6.2867e+01,3.3389e+04,3.5566e+06,9.9960e-01,1.0017e+00,2.5131e+05,9.4362e+06,6.8702e-03,7.9529e+02,6.8647e-03,7.9430e+02,6.8940e-03,7.9952e+02,2.1979e+05,-6.8556e+02,2.1595e+02,-2.9661e+08,1.5624e+00,5.1538e+00,5.6947e+00,-9.1012e+02,-1.6002e+02,-9.8757e+02,1.1178e+01,-1.0240e+03,2.6200e+02,-7.4751e+02,0.0000e+00,1.8567e-04,7.0119e+00,6.9076e-02,6.2054e+02,8.8597e+05,2.4331e+08,9.9811e-01,1.0078e+00,4.3141e+03,4.3049e+05,9.1736e-04,6.4547e+03,9.1409e-04,6.4455e+03,9.3061e-04,6.4926e+03,5.8030e+05,-6.7206e+02,1.8787e+02,-7.6770e+08,1.1658e+00,4.7072e+00,4.6728e+00,-9.0676e+02,-2.9493e+02,-9.8667e+02,2.0440e+00,-1.0240e+03,1.6660e+03,-7.1465e+02,0.0000e+00,6.8377e-04,9.1194e+00,1.3531e-01,1.3156e+02,4.4974e+04,6.1729e+06,9.9696e-01,1.0126e+00,2.1757e+04,1.1331e+06,3.7226e-03,1.4752e+03,3.7050e-03,1.4718e+03,3.7979e-03,1.4895e+03,8.0009e+05,-6.7577e+02,1.9607e+02,-1.0643e+09,1.3056e+00,4.9013e+00,4.6770e+00,-9.0840e+02,-2.6803e+02,-9.8712e+02,3.1096e+00,-1.0240e+03,1.6660e+03,-7.1465e+02,0.0000e+00,7.0409e-04,8.9203e+00,1.3551e-01,1.3449e+02,5.8718e+04,7.8925e+06,9.9693e-01,1.0127e+00,3.0389e+04,1.5622e+06,3.5443e-03,1.4799e+03,3.5288e-03,1.4764e+03,3.6103e-03,1.4943e+03
25,3.0521e+06,-6.3761e+02,2.6746e+02,-6.2512e+09,1.3627e+00,4.2321e+00,4.8434e+00,-9.3920e+02,-3.1586e+00,-1.0029e+03,1.3641e+02,-1.0240e+03,1.9160e+03,-7.1530e+02,0.0000e+00,4.8802e-04,8.4077e+00,9.0829e-02,3.0328e+02,1.1845e+05,1.6214e+07,9.9981e-01,1.0008e+00,1.7544e+05,9.7990e+06,2.0198e-02,1.7082e+03,2.0192e-02,1.7074e+03,2.0227e-02,1.7116e+03,5.2207e+04,-7.0049e+02,2.2328e+02,-1.1747e+08,1.9696e+00,7.0983e+00,5.4942e+00,-9.2750e+02,-1.4011e+02,-9.9900e+02,3.5419e+01,-1.0240e+03,4.0400e+02,-7.5982e+02,0.0000e+00,1.8565e-04,7.3453e+00,4.9541e-02,1.0399e+03,8.6422e+05,2.3088e+08,6.5307e-01,2.3920e+00,2.0069e+03,1.6711e+05,6.1122e-03,5.0237e+03,3.9835e-03,3.2820e+03,1.4706e-02,1.2005e+04,2.7618e+05,-6.6936e+02,2.2755e+02,-5.9383e+08,1.4627e+00,5.4504e+00,4.6883e+00,-9.3960e+02,-1.6555e+02,-1.0029e+03,2.2975e+01,-1.0240e+03,1.9160e+03,-7.1530e+02,0.0000e+00,5.4035e-04,8.6136e+00,9.0109e-02,3.0117e+02,7.2367e+04,9.5853e+06,9.9760e-01,1.0103e+00,1.7629e+04,8.8154e+05,2.0709e-02,1.3772e+03,2.0432e-02,1.3750e+03,2.2240e-02,1.3867e+03,3.2839e+05,-6.7431e+02,2.2716e+02,-7.1130e+08,1.5363e+00,5.6520e+00,4.6599e+00,-9.3696e+02,-1.6257e+02,-1.0019e+03,2.4354e+01,-1.0240e+03,1.9160e+03,-7.1530e+02,0.0000e+00,5.6623e-04,8.5729e+00,9.1397e-02,2.9229e+02,7.6574e+04,1.0059e+07,9.9757e-01,1.0103e+00,2.1558e+04,1.0481e+06,1.9090e-02,1.3490e+03,1.8852e-02,1.3468e+03,2.0402e-02,1.3584e+03
26,3.8698e+06,-6.0924e+02,2.5560e+02,-3.8822e+09,9.6945e-01,3.0303e+00,5.4126e+00,-8.9546e+02,-4.9786e+01,-9.8609e+02,7.3772e+01,-1.0240e+03,9.6300e+02,-6.9614e+02,0.0000e+00,3.3910e-04,7.3108e+00,1.0614e-01,3.3231e+02,2.5004e+05,5.1186e+07,9.9977e-01,1.0010e+00,7.2776e+04,6.3682e+06,1.9782e-03,3.9938e+03,1.9781e-03,3.9911e+03,1.9789e-03,4.0056e+03,1.4200e+05,-6.3881e+02,2.2827e+02,-1.4936e+08,1.3066e+00,3.9862e+00,5.8440e+00,-8.6948e+02,-1.0710e+02,-9.8007e+02,4.5752e+01,-1.0240e+03,1.8600e+02,-7.1545e+02,0.0000e+00,1.8280e-04,5.8434e+00,6.7332e-02,9.1566e+02,1.0086e+06,2.8765e+08,4.2242e-01,3.3194e+00,2.1658e+03,2.3269e+05,5.6229e-04,9.0555e+03,2.3615e-04,3.8264e+03,1.8773e-03,3.0036e+04,4.3842e+05,-6.2357e+02,2.3228e+02,-4.5017e+08,7.5091e-01,2.7920e+00,5.4938e+00,-9.0522e+02,-1.7444e+02,-9.8907e+02,3.1439e+01,-1.0240e+03,8.2200e+02,-6.8249e+02,0.0000e+00,2.7366e-04,7.3095e+00,9.7202e-02,3.6455e+02,1.6389e+05,3.9282e+07,9.9740e-01,1.0110e+00,7.4187e+03,7.1697e+05,1.9545e-03,4.1771e+03,1.9401e-03,4.1696e+03,2.0190e-03,4.2079e+03,5.8042e+05,-6.2730e+02,2.3140e+02,-5.9953e+08,8.8212e-01,3.0438e+00,5.4550e+00,-8.9799e+02,-1.6091e+02,-9.8669e+02,3.2470e+01,-1.0240e+03,8.2200e+02,-7.0095e+02,0.0000e+00,2.9345e-04,7.1233e+00,9.7764e-02,3.7163e+02,1.9383e+05,4.2367e+07,9.9737e-01,1.0111e+00,1.0388e+04,9.4910e+05,1.7462e-03,4.1116e+03,1.7342e-03,4.1040e+03,1.7994e-03,4.1434e+03
27,8.2617e+05,-6.1865e+02,1.8092e+02,-1.2378e+09,8.4919e-01,4.4426e+00,5.7871e+00,-9.1611e+02,-2.5513e+02,-9.7449e+02,-6.9838e+00,-1.0240e+03,1.3200e+02,-6.4830e+02,0.0000e+00,2.2790e-04,6.7610e+00,9.0627e-02,6.6551e+02,3.4898e+05,1.5124e+08,7.6896e-01,1.9251e+00,1.8998e+04,1.9988e+06,1.0586e-03,9.7535e+03,8.1406e-04,7.4973e+03,2.0370e-03,1.8797e+04,4.1752e+04,-5.8963e+02,1.7354e+02,-5.9622e+07,1.3887e+00,5.0571e+00,5.6650e+00,-7.7297e+02,-2.0253e+02,-9.6299e+02,-4.8053e+00,-1.0240e+03,8.3000e+01,-6.4209e+02,0.0000e+00,2.7981e-04,6.6905e+00,8.6435e-02,7.0522e+02,6.1323e+05,1.7082e+08,3.6456e-01,3.5626e+00,1.1045e+03,1.0046e+05,2.2985e-04,1.1801e+04,8.1111e-05,4.3034e+03,8.4082e-04,4.2017e+04,1.3345e+05,-6.1047e+02,1.6104e+02,-1.9730e+08,1.2217e+00,4.7903e+00,5.6465e+00,-7.9757e+02,-2.7445e+02,-9.6440e+02,-7.8448e+00,-1.0240e+03,1.1800e+02,-6.5285e+02,0.0000e+00,2.4006e-04,7.0072e+00,8.5075e-02,6.6015e+02,3.6889e+05,9.8959e+07,5.3728e-01,2.8606e+00,3.3220e+03,3.2110e+05,3.6782e-04,9.9894e+03,1.9630e-04,5.3686e+03,1.0580e-03,2.8563e+04,1.7520e+05,-6.0550e+02,1.6434e+02,-2.5692e+08,1.2761e+00,4.9248e+00,5.6499e+00,-7.9314e+02,-2.5805e+02,-9.6420e+02,-7.1175e+00,-1.0240e+03,1.1800e+02,-6.4143e+02,0.0000e+00,2.4750e-04,6.9043e+00,8.6006e-02,6.6071e+02,4.2004e+05,1.1353e+08,5.3727e-01,2.8607e+00,4.4231e+03,4.2155e+05,3.3541e-04,1.0252e+04,1.7874e-04,5.5097e+03,9.6697e-04,2.9314e+04
28,2.2163e+06,-7.0332e+02,2.2868e+02,-3.3167e+09,1.7743e+00,5.6521e+00,4.1935e+00,-8.9733e+02,-1.4468e+02,-9.8333e+02,-9.3102e+00,-1.0240e+03,1.9870e+03,-7.9817e+02,0.0000e+00,2.9029e-03,7.7110e+00,2.3363e-01,9.3352e+01,9.3867e+04,1.1667e+07,7.6891e-01,1.9257e+00,1.5442e+05,4.7100e+06,3.0683e-03,1.1491e+03,2.3600e-03,8.8222e+02,5.9020e-03,2.2244e+03,9.8980e+04,-7.9882e+02,1.4194e+02,-1.6824e+08,3.1502e+00,1.4535e+01,4.5968e+00,-9.0121e+02,-5.2266e+02,-9.8393e+02,-3.1150e+01,-1.0130e+03,2.0700e+02,-8.4830e+02,0.0000e+00,1.1178e-03,7.9362e+00,1.3860e-01,4.0563e+02,5.4552e+05,1.4372e+08,3.6407e-01,3.5789e+00,5.2899e+03,2.0842e+05,8.4802e-04,2.9520e+03,3.0799e-04,1.0765e+03,3.0438e-03,1.0508e+04,3.1559e+05,-7.1330e+02,1.9350e+02,-4.7899e+08,1.6255e+00,5.2633e+00,4.8999e+00,-8.9051e+02,-2.7150e+02,-9.8239e+02,-1.3801e+01,-1.0160e+03,7.6900e+02,-7.9288e+02,0.0000e+00,8.8736e-04,7.5544e+00,1.4392e-01,2.5233e+02,2.3803e+05,4.1156e+07,7.6634e-01,1.9442e+00,1.2520e+04,6.6452e+05,1.1628e-03,2.6980e+03,8.8893e-04,2.0707e+03,2.2746e-03,5.2215e+03,4.1457e+05,-7.3372e+02,1.8613e+02,-6.4722e+08,1.8412e+00,6.1537e+00,4.7471e+00,-8.9514e+02,-2.9915e+02,-9.8305e+02,-1.5040e+01,-1.0160e+03,7.6900e+02,-8.1073e+02,0.0000e+00,1.1407e-03,7.5910e+00,1.5528e-01,2.3731e+02,2.3900e+05,4.1077e+07,7.6603e-01,1.9467e+00,1.9083e+04,8.7198e+05,1.2895e-03,2.3918e+03,9.8570e-04,1.8355e+03,2.5244e-03,4.6303e+03
29,4.3040e+06,-8.3887e+02,1.9600e+02,-7.0655e+09,2.8888e+00,1.1451e+01,4.0084e+00,-9.9512e+02,-3.9883e+02,-1.0053e+03,8.7624e+00,-1.0240e+03,1.6000e+03,-8.7968e+02,0.0000e+00,3.5188e-03,7.6472e+00,2.8363e-01,9.2084e+01,1.3575e+05,2.1298e+07,9.9976e-01,1.0011e+00,2.9687e+05,8.4173e+06,2.1610e-02,7.1070e+02,2.1610e-02,7.0888e+02,2.1611e-02,7.1954e+02,1.9511e+05,-8.8730e+02,1.3401e+02,-3.3879e+08,3.6577e+00,2.0120e+01,4.2136e+00,-1.0015e+03,-6.7845e+02,-1.0090e+03,-1.7581e+01,-1.0240e+03,5.5500e+02,-9.0558e+02,0.0000e+00,2.1420e-03,8.0487e+00,2.2068e-01,2.0199e+02,2.4876e+05,5.7161e+07,5.3517e-01,2.8915e+00,1.1268e+04,3.7506e+05,1.2783e-02,9.8530e+02,6.8280e-03,5.2931e+02,3.7169e-02,2.8202e+03,5.6562e+05,-8.6666e+02,1.3555e+02,-9.5930e+08,2.9490e+00,1.7108e+01,3.8286e+00,-9.9523e+02,-6.1983e+02,-1.0053e+03,-9.0956e+00,-1.0240e+03,1.6000e+03,-9.0592e+02,0.0000e+00,3.6596e-03,7.8737e+00,2.8834e-01,6.8399e+01,4.2973e+04,6.3142e+06,9.9111e-01,1.0459e+00,4.0758e+04,1.0816e+06,2.2689e-02,4.2653e+02,2.2374e-02,4.2479e+02,2.4466e-02,4.3447e+02,7.6073e+05,-8.7196e+02,1.3546e+02,-1.2981e+09,3.1111e+00,1.7632e+01,3.7667e+00,-9.9658e+02,-6.3078e+02,-1.0059e+03,-1.0495e+01,-1.0240e+03,1.6000e+03,-9.0592e+02,0.0000e+00,4.0453e-03,7.7583e+00,2.9681e-01,6.9666e+01,4.5870e+04,6.5993e+06,9.9079e-01,1.0476e+00,5.8111e+04,1.4536e+06,2.4526e-02,4.1020e+02,2.4191e-02,4.0854e+02,2.6426e-02,4.1777e+02
30,3.3028e+06,-6.4017e+02,2.3419e+02,-3.8183e+09,1.2315e+00,3.8772e+00,5.2735e+00,-8.8815e+02,-9.0471e+01,-9.7470e+02,4.6696e+01,-1.0240e+03,8.6200e+02,-7.1281e+02,0.0000e+00,4.6360e-04,7.9180e+00,1.2055e-01,3.0677e+02,2.8583e+05,5.6925e+07,9.9975e-01,1.0010e+00,7.6162e+04,5.9606e+06,9.3024e-04,3.7774e+03,9.3007e-04,3.7741e+03,9.3091e-04,3.7917e+03,8.7913e+04,-7.4214e+02,1.8748e+02,-1.1782e+08,2.0861e+00,7.3526e+00,5.3814e+00,-8.9815e+02,-3.0180e+02,-9.7680e+02,2.5515e+00,-1.0100e+03,9.7000e+01,-8.1627e+02,0.0000e+00,4.4440e-04,7.1017e+00,9.7636e-02,6.4697e+02,1.1813e+06,3.5060e+08,4.2211e-01,3.3256e+00,2.2304e+03,1.5764e+05,6.1242e-04,5.7789e+03,2.5728e-04,2.4413e+03,2.0437e-03,1.9175e+04,4.7468e+05,-6.4956e+02,2.0172e+02,-5.5681e+08,1.0646e+00,3.8607e+00,5.5411e+00,-8.8531e+02,-2.3687e+02,-9.7422e+02,5.5240e+00,-1.0230e+03,4.8500e+02,-6.8370e+02,0.0000e+00,2.5620e-04,7.4208e+00,9.1918e-02,4.7638e+02,2.7949e+05,6.8945e+07,9.9790e-01,1.0090e+00,8.6680e+03,8.5246e+05,5.8703e-04,5.2554e+03,5.8439e-04,5.2476e+03,5.9822e-04,5.2886e+03,5.6259e+05,-6.6403e+02,2.0237e+02,-6.7463e+08,1.1650e+00,4.0632e+00,5.4868e+00,-8.8885e+02,-2.4275e+02,-9.7470e+02,5.2935e+00,-1.0230e+03,4.8500e+02,-7.1386e+02,0.0000e+00,3.0921e-04,7.3961e+00,9.7667e-02,4.5638e+02,3.1237e+05,7.3991e+07,9.9774e-01,1.0097e+00,1.0983e+04,1.0099e+06,6.3478e-04,4.9553e+03,6.3199e-04,4.9476e+03,6.4667e-04,4.9873e+03
31,2.5423e+06,-7.7061e+02,2.5012e+02,-4.6594e+09,2.1583e+00,7.2504e+00,4.3881e+00,-9.7974e+02,-1.0579e+02,-1.0056e+03,4.2945e+01,-1.0240e+03,1.7460e+03,-8.7165e+02,0.0000e+00,1.2807e-03,7.9741e+00,1.4114e-01,2.3165e+02,1.7345e+05,2.6314e+07,9.9975e-01,1.0011e+00,1.6776e+05,6.0423e+06,2.0485e-02,1.1065e+03,2.0476e-02,1.1047e+03,2.0553e-02,1.1139e+03,9.5065e+04,-8.3895e+02,1.7948e+02,-1.8968e+08,3.1998e+00,1.4698e+01,4.5767e+00,-9.7857e+02,-4.9686e+02,-1.0052e+03,-8.5601e+00,-1.0240e+03,6.0500e+02,-8.8553e+02,0.0000e+00,7.7803e-04,8.3532e+00,1.0292e-01,4.9749e+02,4.5416e+05,1.1176e+08,4.7953e-01,3.0955e+00,5.4411e+03,2.2438e+05,1.1558e-02,1.6706e+03,5.5102e-03,8.0194e+02,3.6398e-02,5.1572e+03,3.3051e+05,-8.0492e+02,1.8685e+02,-6.3270e+08,2.3280e+00,9.5836e+00,4.4486e+00,-9.7774e+02,-4.0695e+02,-1.0048e+03,-2.9839e+00,-1.0240e+03,1.3140e+03,-8.4865e+02,0.0000e+00,9.0646e-04,8.3657e+00,1.1826e-01,2.8708e+02,1.1777e+05,1.8446e+07,7.6731e-01,1.9385e+00,1.9566e+04,7.8017e+05,1.7221e-02,1.0183e+03,1.3184e-02,7.8226e+02,3.3666e-02,1.9665e+03,4.2557e+05,-8.1252e+02,1.8577e+02,-8.2238e+08,2.4918e+00,1.0434e+01,4.3760e+00,-9.7788e+02,-4.1988e+02,-1.0048e+03,-3.6584e+00,-1.0240e+03,1.3140e+03,-8.7203e+02,0.0000e+00,1.0289e-03,8.3189e+00,1.2365e-01,2.7690e+02,1.2600e+05,2.0104e+07,7.6721e-01,1.9395e+00,2.6939e+04,1.0042e+06,1.7186e-02,9.7344e+02,1.3151e-02,7.4773e+02,3.3676e-02,1.8803e+03
32,2.5551e+06,-6.2554e+02,2.4358e+02,-3.2329e+09,1.3367e+00,3.9143e+00,4.8269e+00,-8.7082e+02,-3.2432e+01,-9.6714e+02,1.1128e+02,-1.0240e+03,1.4670e+03,-7.1262e+02,0.0000e+00,9.3613e-04,7.8315e+00,1.5429e-01,1.9530e+02,1.5176e+05,2.2062e+07,7.6890e-01,1.9259e+00,1.0086e+05,5.1616e+06,1.9767e-03,2.3449e+03,1.5202e-03,1.8006e+03,3.8032e-03,4.5370e+03,1.0591e+05,-7.2647e+02,1.5674e+02,-1.5563e+08,2.4168e+00,9.9826e+00,5.1920e+00,-8.7100e+02,-3.9161e+02,-9.6714e+02,3.4318e+01,-1.0230e+03,1.2700e+02,-7.6425e+02,0.0000e+00,4.5143e-04,7.4480e+00,9.3085e-02,5.9500e+02,6.7557e+05,1.8521e+08,5.3718e-01,2.8619e+00,3.4793e+03,2.1276e+05,4.7367e-04,5.6397e+03,2.5305e-04,3.0317e+03,1.3608e-03,1.6114e+04,3.7200e+05,-6.5035e+02,2.0168e+02,-4.8936e+08,1.2923e+00,4.3523e+00,4.7272e+00,-8.7200e+02,-2.0708e+02,-9.6723e+02,4.6445e+01,-1.0240e+03,1.4670e+03,-7.1262e+02,0.0000e+00,8.8479e-04,7.9790e+00,1.4198e-01,2.0237e+02,7.5779e+04,1.0114e+07,7.6623e-01,1.9447e+00,1.5342e+04,7.4439e+05,1.8766e-03,1.9428e+03,1.4349e-03,1.4903e+03,3.6667e-03,3.7655e+03,4.7791e+05,-6.6722e+02,1.9520e+02,-6.4499e+08,1.4668e+00,4.9398e+00,4.6189e+00,-8.7200e+02,-2.2800e+02,-9.6732e+02,4.5430e+01,-1.0240e+03,1.4670e+03,-7.3753e+02,0.0000e+00,1.0744e-03,7.8990e+00,1.5119e-01,1.8563e+02,7.8128e+04,1.0096e+07,7.6600e-01,1.9466e+00,2.1926e+04,9.5551e+05,1.9051e-03,1.7839e+03,1.4567e-03,1.3681e+03,3.7227e-03,3.4590e+03
33,2.3994e+06,-7.8158e+02,2.3153e+02,-4.3545e+09,2.2337e+00,7.3635e+00,4.7066e+00,-9.7032e+02,-1.9133e+02,-1.0019e+03,-6.4723e+00,-1.0240e+03,9.9700e+02,-8.7242e+02,0.0000e+00,8.5986e-04,7.8074e+00,1.1305e-01,3.2529e+02,3.7488e+05,7.2719e+07,9.9980e-01,1.0008e+00,1.2676e+05,5.5686e+06,9.4457e-03,1.8342e+03,9.4433e-03,1.8321e+03,9.4604e-03,1.8431e+03,8.0750e+04,-8.5971e+02,1.5104e+02,-1.6120e+08,3.5771e+00,1.8311e+01,4.6179e+00,-9.7736e+02,-5.9865e+02,-1.0043e+03,-2.8783e+01,-1.0240e+03,2.9500e+02,-8.9870e+02,0.0000e+00,6.7940e-04,8.4575e+00,9.0562e-02,5.4640e+02,5.6712e+05,1.5948e+08,4.7974e-01,3.0926e+00,4.3593e+03,1.8628e+05,6.8036e-03,1.9080e+03,3.2594e-03,9.1611e+02,2.1055e-02,5.8890e+03,3.0832e+05,-8.0620e+02,1.8119e+02,-5.7718e+08,2.3622e+00,9.3499e+00,5.1589e+00,-9.6764e+02,-4.0510e+02,-1.0010e+03,-1.6986e+01,-1.0240e+03,3.0000e+02,-8.5850e+02,0.0000e+00,3.7270e-04,7.8194e+00,7.4970e-02,6.6922e+02,6.3916e+05,1.6639e+08,7.6809e-01,1.9320e+00,1.1330e+04,7.1272e+05,5.6244e-03,3.0433e+03,4.3196e-03,2.3386e+03,1.0863e-02,5.8706e+03,3.8908e+05,-8.1730e+02,1.7670e+02,-7.3838e+08,2.5285e+00,1.0347e+01,5.0709e+00,-9.6981e+02,-4.3093e+02,-1.0016e+03,-1.8155e+01,-1.0240e+03,3.0000e+02,-8.7174e+02,0.0000e+00,4.1940e-04,7.9187e+00,7.8299e-02,6.4279e+02,6.3428e+05,1.6669e+08,7.6803e-01,1.9326e+00,1.5323e+04,8.9915e+05,5.8731e-03,2.8048e+03,4.5097e-03,2.1553e+03,1.1348e-02,5.4107e+03
34,4.6534e+06,-6.5307e+02,2.6539e+02,-5.7878e+09,9.0558e-01,3.1534e+00,5.8031e+00,-9.9127e+02,-7.2525e+01,-1.0048e+03,5.5736e+01,-1.0240e+03,5.3600e+02,-7.0420e+02,0.0000e+00,2.5329e-04,6.3573e+00,9.8029e-02,5.6751e+02,5.2812e+05,1.6284e+08,9.9982e-01,1.0008e+00,7.4624e+04,8.8584e+06,7.5607e-03,5.6635e+03,7.5603e-03,5.6600e+03,7.5631e-03,5.6784e+03,2.0067e+05,-7.1852e+02,2.3691e+02,-2.7460e+08,1.2719e+00,4.4366e+00,5.9416e+00,-9.9605e+02,-1.7816e+02,-1.0072e+03,2.1388e+01,-1.0240e+03,1.6500e+02,-7.6837e+02,0.0000e+00,2.1270e-04,5.9648e+00,8.2003e-02,8.7234e+02,1.1849e+06,4.1559e+08,5.3734e-01,2.8596e+00,3.1125e+03,3.7992e+05,6.4589e-03,6.9935e+03,3.4595e-03,3.7613e+03,1.8582e-02,1.9961e+04,5.4869e+05,-6.6348e+02,2.4281e+02,-6.9334e+08,6.5482e-01,2.8852e+00,6.0171e+00,-9.9260e+02,-1.8882e+02,-1.0052e+03,2.0990e+01,-1.0240e+03,2.6300e+02,-6.9582e+02,0.0000e+00,2.0110e-04,4.7899e+00,8.3301e-02,8.2794e+02,4.6117e+05,2.0741e+08,9.9802e-01,1.0085e+00,7.5092e+03,1.0395e+06,6.2810e-03,7.5472e+03,6.2448e-03,7.5390e+03,6.4435e-03,7.5808e+03,7.4935e+05,-6.7822e+02,2.4247e+02,-9.6794e+08,8.0533e-01,3.1688e+00,5.9873e+00,-9.9358e+02,-1.8692e+02,-1.0057e+03,2.1069e+01,-1.0240e+03,2.6300e+02,-7.2155e+02,0.0000e+00,2.0739e-04,5.0789e+00,8.4474e-02,8.0572e+02,5.9174e+05,2.2966e+08,9.9799e-01,1.0086e+00,1.0630e+04,1.4196e+06,6.6595e-03,7.1259e+03,6.6235e-03,7.1179e+03,6.8198e-03,7.1586e+03
35,3.3191e+06,-6.1777e+02,2.8945e+02,-3.1060e+09,1.0795e+00,3.5687e+00,4.5175e+00,-9.4199e+02,6.4850e+00,-9.9732e+02,1.6032e+02,-1.0240e+03,3.0710e+03,-7.1688e+02,0.0000e+00,7.3168e-04,9.1941e+00,1.1355e-01,1.8988e+02,4.2826e+04,4.6273e+06,9.9959e-01,1.0017e+00,1.0691e+05,5.0224e+06,1.5954e-02,9.9918e+02,1.5950e-02,9.9806e+02,1.5974e-02,1.0039e+03,1.1074e+05,-7.1391e+02,2.3316e+02,-1.1975e+08,1.7772e+00,6.2575e+00,5.0875e+00,-9.5356e+02,-1.6001e+02,-1.0012e+03,4.3053e+01,-1.0240e+03,1.0230e+03,-7.8860e+02,0.0000e+00,3.2233e-04,7.9284e+00,6.7793e-02,6.1082e+02,2.8226e+05,5.3684e+07,4.2245e-01,3.3194e+00,2.5936e+03,1.6694e+05,9.2514e-03,2.3954e+03,3.8998e-03,1.0125e+03,3.0824e-02,7.9402e+03,4.1102e+05,-6.3762e+02,2.6316e+02,-3.9699e+08,1.0648e+00,3.5079e+00,5.4875e+00,-9.4432e+02,-7.3224e+01,-9.9828e+02,9.2683e+01,-1.0240e+03,9.7300e+02,-7.1447e+02,0.0000e+00,1.7160e-04,6.5214e+00,5.5592e-02,8.4028e+02,2.4557e+05,4.9251e+07,7.6819e-01,1.9305e+00,6.6986e+03,6.2019e+05,8.7949e-03,3.6405e+03,6.7349e-03,2.7974e+03,1.7116e-02,7.0215e+03,5.2176e+05,-6.5381e+02,2.5897e+02,-5.1675e+08,1.1862e+00,3.8568e+00,5.3914e+00,-9.4699e+02,-8.3589e+01,-9.9892e+02,8.5648e+01,-1.0240e+03,1.0230e+03,-7.2718e+02,0.0000e+00,2.0305e-04,6.8914e+00,5.9234e-02,7.5911e+02,2.4532e+05,4.6850e+07,7.6812e-01,1.9310e+00,9.2819e+03,7.8711e+05,8.9353e-03,3.2414e+03,6.8439e-03,2.4907e+03,1.7378e-02,6.2517e+03
37,3.9913e+06,-6.8343e+02,2.6121e+02,-4.9520e+09,1.4911e+00,4.1470e+00,3.9757e+00,-9.1775e+02,-4.8034e+01,-9.9260e+02,7.0728e+01,-1.0240e+03,3.0710e+03,-7.9877e+02,0.0000e+00,3.4923e-03,8.2951e+00,2.4173e-01,6.4643e+01,4.7025e+04,4.3178e+06,9.9948e-01,1.0023e+00,2.7134e+05,7.2358e+06,6.3463e-03,7.4258e+02,6.3458e-03,7.4100e+02,6.3482e-03,7.4980e+02,1.9972e+05,-8.0331e+02,1.6518e+02,-2.9126e+08,2.9116e+00,1.2196e+01,4.8521e+00,-9.2414e+02,-4.4476e+02,-9.9370e+02,1.1408e-01,-1.0240e+03,1.4700e+02,-8.5421e+02,0.0000e+00,7.3768e-04,7.8017e+00,1.0515e-01,5.4362e+02,9.2446e+05,2.6967e+08,5.3706e-01,2.8635e+00,7.7749e+03,3.5981e+05,8.5759e-04,3.6803e+03,4.5965e-04,1.9785e+03,2.4605e-03,1.0512e+04,5.0152e+05,-6.8380e+02,2.3054e+02,-6.2258e+08,1.3837e+00,4.1296e+00,5.6094e+00,-9.0283e+02,-1.5032e+02,-9.9014e+02,1.7771e+01,-1.0240e+03,3.0300e+02,-7.7850e+02,0.0000e+00,2.9957e-04,6.3012e+00,8.2747e-02,6.3946e+02,8.4956e+05,2.1918e+08,9.9805e-01,1.0082e+00,1.0285e+04,9.0577e+05,6.4747e-04,6.3513e+03,6.4505e-04,6.3428e+03,6.5755e-04,6.3865e+03,7.0125e+05,-7.1784e+02,2.2066e+02,-9.1384e+08,1.6389e+00,5.0188e+00,5.4209e+00,-9.1279e+02,-1.8935e+02,-9.9180e+02,1.4100e+01,-1.0240e+03,3.0300e+02,-8.0504e+02,0.0000e+00,4.1788e-04,6.6852e+00,9.2718e-02,5.7770e+02,8.7938e+05,2.2320e+08,9.9781e-01,1.0093e+00,1.7381e+04,1.2657e+06,7.7410e-04,5.3601e+03,7.7140e-04,5.3526e+03,7.8546e-04,5.3911e+03
38,1.9872e+06,-7.1154e+02,2.2939e+02,-4.1462e+09,1.7942e+00,5.4634e+00,4.2216e+00,-9.0129e+02,-1.4496e+02,-9.8438e+02,1.9871e+01,-1.0240e+03,1.7960e+03,-8.1250e+02,0.0000e+00,2.9329e-03,7.6037e+00,2.2911e-01,9.7472e+01,1.1740e+05,1.5038e+07,7.6896e-01,1.9254e+00,1.9356e+05,5.8207e+06,2.8878e-03,1.2665e+03,2.2211e-03,9.7250e+02,5.5550e-03,2.4506e+03,6.6502e+04,-8.1446e+02,1.2463e+02,-1.5882e+08,3.2241e+00,1.5334e+01,4.5287e+00,-9.0686e+02,-5.7004e+02,-9.8568e+02,-7.9252e+00,-1.0020e+03,1.4000e+02,-8.4783e+02,0.0000e+00,1.1582e-03,8.0173e+00,1.3839e-01,3.9480e+02,4.6415e+05,1.1580e+08,4.7883e-01,3.1033e+00,5.1175e+03,1.9289e+05,9.6221e-04,2.5902e+03,4.5922e-04,1.2429e+03,2.9955e-03,8.0012e+03,2.7888e+05,-7.3826e+02,1.8246e+02,-6.0370e+08,1.8755e+00,6.2703e+00,5.1882e+00,-8.9513e+02,-3.1578e+02,-9.8274e+02,1.2372e+01,-1.0240e+03,2.5300e+02,-8.1329e+02,0.0000e+00,6.1067e-04,7.1828e+00,1.1597e-01,4.4056e+02,6.2269e+05,1.4718e+08,7.6740e-01,1.9374e+00,1.3210e+04,8.1200e+05,6.1297e-04,4.6767e+03,4.6937e-04,3.5922e+03,1.1931e-03,9.0331e+03,3.4538e+05,-7.5293e+02,1.7543e+02,-7.6252e+08,2.0368e+00,7.0380e+00,5.0689e+00,-8.9855e+02,-3.4370e+02,-9.8356e+02,1.0915e+01,-1.0240e+03,2.5300e+02,-8.1329e+02,0.0000e+00,7.1881e-04,7.3239e+00,1.2305e-01,4.1648e+02,5.9869e+05,1.4058e+08,7.6724e-01,1.9387e+00,1.8069e+04,1.0050e+06,6.5984e-04,4.2444e+03,5.0532e-04,3.2601e+03,1.2847e-03,8.1992e+03
39,4.4035e+06,-7.1583e+02,2.1907e+02,-5.8138e+09,1.8882e+00,5.8668e+00,4.8352e+00,-9.0551e+02,-1.7762e+02,-9.8610e+02,3.4392e+00,-1.0240e+03,8.9700e+02,-8.0309e+02,0.0000e+00,1.0585e-03,7.7123e+00,1.5977e-01,1.9839e+02,3.3807e+05,6.3321e+07,9.9974e-01,1.0011e+00,1.6543e+05,8.1163e+06,1.3948e-03,2.5796e+03,1.3947e-03,2.5762e+03,1.3953e-03,2.5945e+03,1.2687e+05,-8.0732e+02,1.3899e+02,-1.8891e+08,3.3006e+00,1.5794e+01,4.7499e+00,-9.1227e+02,-5.4013e+02,-9.8732e+02,-1.3026e+01,-9.9700e+02,1.0300e+02,-8.4850e+02,0.0000e+00,8.4085e-04,8.0975e+00,1.2614e-01,4.2491e+02,7.5648e+05,2.2658e+08,5.3672e-01,2.8678e+00,5.1762e+03,2.3180e+05,9.9608e-04,3.0392e+03,5.3312e-04,1.6333e+03,2.8653e-03,8.6873e+03,5.1337e+05,-7.4777e+02,1.6254e+02,-7.0803e+08,1.8063e+00,6.5306e+00,5.3863e+00,-9.0416e+02,-3.9716e+02,-9.8592e+02,-3.6692e+00,-1.0240e+03,1.0700e+02,-8.0346e+02,0.0000e+00,3.8969e-04,7.3190e+00,9.9344e-02,4.7196e+02,6.0658e+05,1.5528e+08,9.9764e-01,1.0099e+00,1.2540e+04,9.4097e+05,5.0590e-04,5.3257e+03,5.0280e-04,5.3181e+03,5.1865e-04,5.3571e+03,6.4024e+05,-7.5957e+02,1.5993e+02,-8.9695e+08,1.9954e+00,7.4011e+00,5.2881e+00,-9.0668e+02,-4.1038e+02,-9.8627e+02,-4.3086e+00,-1.0240e+03,1.0700e+02,-8.1476e+02,0.0000e+00,4.6025e-04,7.4321e+00,1.0529e-01,4.5805e+02,6.3943e+05,1.6578e+08,9.9749e-01,1.0106e+00,1.7185e+04,1.1730e+06,5.3979e-04,4.9529e+03,5.3680e-04,4.9456e+03,5.5215e-04,4.9834e+03
40,1.5485e+06,-6.6479e+02,2.1940e+02,-1.8397e+09,1.8551e+00,5.7250e+00,4.7471e+00,-8.5573e+02,-8.2696e+01,-9.7399e+02,4.9179e+01,-1.0230e+03,1.0000e+03,-7.4989e+02,0.0000e+00,9.7094e-04,8.0620e+00,1.5003e-01,1.8100e+02,2.9646e+05,5.0817e+07,7.6899e-01,1.9250e+00,5.7667e+04,2.7647e+06,9.0082e-04,2.8713e+03,6.9271e-04,2.2061e+03,1.7334e-03,5.5426e+03,2.8370e+04,-7.6308e+02,1.4893e+02,-3.8688e+07,3.2744e+00,1.4671e+01,4.8286e+00,-8.7168e+02,-4.6262e+02,-9.7516e+02,-3.7369e+01,-9.5200e+02,8.6000e+01,-8.0149e+02,0.0000e+00,6.0640e-04,8.3495e+00,9.4470e-02,5.9020e+02,1.1066e+06,3.5067e+08,1.3214e-01,8.3135e+00,1.0415e+03,5.0343e+04,1.0193e-03,3.5657e+03,1.3703e-04,4.7173e+02,8.3866e-03,2.9512e+04,2.1478e+05,-7.0745e+02,1.5601e+02,-2.7154e+08,2.0952e+00,8.1098e+00,5.2551e+00,-8.5684e+02,-3.6838e+02,-9.7407e+02,-3.3371e+01,-1.0230e+03,1.5600e+02,-7.5773e+02,0.0000e+00,3.7924e-04,8.0143e+00,9.4092e-02,4.5744e+02,5.5718e+05,1.4149e+08,5.3726e-01,2.8611e+00,5.4152e+03,3.8129e+05,3.4001e-04,5.9104e+03,1.8188e-04,3.1773e+03,9.7640e-04,1.6886e+04,2.4316e+05,-7.1394e+02,1.5622e+02,-3.1023e+08,2.1807e+00,8.4988e+00,5.2153e+00,-8.5972e+02,-3.7430e+02,-9.7428e+02,-3.3583e+01,-1.0230e+03,1.5600e+02,-7.5773e+02,0.0000e+00,4.0548e-04,8.0183e+00,9.5517e-02,4.5746e+02,5.8218e+05,1.4898e+08,5.3723e-01,2.8615e+00,6.3748e+03,4.3159e+05,3.5357e-04,5.7211e+03,1.8924e-04,3.0754e+03,1.0150e-03,1.6345e+04
